{"plane": [-0.017680707228289086, -0.028601144045761827, 112.63338533541341], "bites": [[[161, 133], 9, 391.59231482002036], [[99, 186], 9, 352.00939606136274], [[128, 175], 9, 340.94395741745524], [[56, 186], 9, 335.03785543218015], [[148, 218], 9, 303.29791141828662], [[80, 153], 9, 286.89506558080495], [[110, 122], 9, 260.94036939063812]]}